{
  "cam3ang": 3.1415927410125732,
  "cam3Y": 125,
  "cam3X": 235,
  "cam1X": 211,
  "cam1Y": 59,
  "cam2X": 234,
  "cam2Y": 88,
  "cam2ang": 3.0194196701049805,
  "cam1ang": 2.268928050994873
}