{
  "cam0Y": 125,
  "cam1X": 201,
  "cam0ang": 6.2831854820251465,
  "cam1Y": 125,
  "cam2X": 161,
  "cam2Y": 125,
  "cam2ang": 2.0071287155151367,
  "cam1ang": 1.0995573997497559,
  "cam0X": 284
}