{
  "cam0Y": 154,
  "cam1X": 404,
  "cam2X": 324,
  "cam1Y": 164,
  "cam0ang": 0.6806784272193909,
  "cam2Y": 329,
  "cam2ang": 3.455751895904541,
  "cam1ang": 1.8849555253982544,
  "cam0X": 245
}