{
  "cam0Y": 166,
  "cam1X": 238,
  "cam2X": 409,
  "cam1Y": 323,
  "cam0ang": 0.3839724361896515,
  "cam2Y": 161,
  "cam2ang": 1.832595705986023,
  "cam1ang": 4.991641521453857,
  "cam0X": 245
}